"target_url","suggested_image_filename","pin_title","text_overlay","pin_description","alt_text","keyword_focus","image_prompt"
"https://go2-thailand.com/en/city/ubon-ratchathani/attractions/sao-chaliang","01-ubon-ratchathani-sao-chaliang.png","Sao Chaliang Ubon Ratchathani: Strange Rock Pillars in Pha Taem","Sao Chaliang | Weird Rock Pillars In Pha Taem","Planning a Pha Taem National Park day trip? Sao Chaliang is one of the most unusual rock formations in Ubon Ratchathani, with sandstone pillars shaped by erosion over time. This guide helps you decide if it belongs in your Khong Chiam and Pha Taem itinerary.","Sandstone rock pillars at Sao Chaliang in Pha Taem National Park, Ubon Ratchathani","sao chaliang; ubon ratchathani attractions; pha taem national park; khong chiam day trip","Vertical Pinterest travel graphic, Sao Chaliang sandstone rock pillars in Ubon Ratchathani, dramatic erosion-shaped stone columns, warm morning light, Thai national park landscape, cinematic editorial travel photography, space for headline text at top and bottom"
"https://go2-thailand.com/en/city/ubon-ratchathani/attractions/prehistoric-paintings-pha-mon-noi","02-ubon-ratchathani-pha-mon-noi-paintings.png","Pha Mon Noi Prehistoric Paintings in Ubon Ratchathani","Pha Mon Noi | Ancient Cliff Paintings In Ubon","Looking for prehistoric rock art in Thailand? Pha Mon Noi adds a quieter cultural layer to the Pha Taem National Park route, with ancient cliff paintings that make the park feel much deeper than a simple viewpoint stop.","Prehistoric cliff paintings at Pha Mon Noi in Ubon Ratchathani","pha mon noi; prehistoric paintings thailand; ubon ratchathani rock art; pha taem paintings","Vertical Pinterest pin, ancient cliff paintings on weathered sandstone wall in Thailand, soft natural light, archaeological travel mood, detailed rock textures, editorial travel photo, minimal people, room for clean headline overlay"
"https://go2-thailand.com/en/city/ubon-ratchathani/attractions/soi-sawan-waterfall","03-ubon-ratchathani-soi-sawan-waterfall.png","Soi Sawan Waterfall: Best Waterfall Stop Near Pha Taem?","Soi Sawan Waterfall | Worth Adding To A Pha Taem Day?","Soi Sawan Waterfall is one of the strongest seasonal add-ons in the Pha Taem area, especially during or after the rainy season. If you are planning a Ubon Ratchathani nature route, this guide shows where it fits and when it is actually worth the detour.","Soi Sawan Waterfall in the Pha Taem area of Ubon Ratchathani","soi sawan waterfall; ubon ratchathani waterfall; pha taem itinerary; things to do in khong chiam","Vertical Pinterest travel image, broad tropical waterfall in Ubon Ratchathani, flowing over rocky ledges, lush forest around it, fresh rainy season atmosphere, cinematic Thai nature photography, room for bold text overlay"
"https://go2-thailand.com/en/city/ubon-ratchathani/attractions/sang-chan-waterfall","04-ubon-ratchathani-sang-chan-waterfall.png","Sang Chan Waterfall Ubon Ratchathani: A Smaller But Unique Stop","Sang Chan Waterfall | A Unique Ubon Nature Stop","Sang Chan Waterfall is smaller than the headline stops in Ubon Ratchathani, but its shape and afternoon light make it one of the more unusual waterfall detours in the wider Pha Taem and Khong Chiam route.","Sang Chan Waterfall flowing through a rock channel in Ubon Ratchathani","sang chan waterfall; ubon ratchathani waterfall; khong chiam attractions; pha taem side trip","Vertical Pinterest pin, narrow waterfall flowing through sculpted rock channel in Thailand, afternoon sunlight catching water spray, moody natural textures, detailed scenic travel photography, clean text space"
"https://go2-thailand.com/en/city/ubon-ratchathani/attractions/pk-riverside-resort","05-ubon-ratchathani-pk-riverside-resort.png","Best Khong Chiam Base? PK Riverside Resort for Pha Taem Trips","PK Riverside Resort | A Practical Base For Pha Taem","If you want an overnight base near Khong Chiam instead of a long day trip from Ubon city, PK Riverside Resort is worth a look. This guide is focused on route planning, location value, and whether a Mekong-side stay actually improves your itinerary.","Riverside stay base near Khong Chiam in Ubon Ratchathani","pk riverside resort; khong chiam hotel; where to stay for pha taem; ubon ratchathani mekong stay","Vertical Pinterest travel image, calm riverside resort near the Mekong in Thailand, simple bungalow or riverside terrace, soft sunrise or sunset light, relaxed editorial hotel mood, minimal luxury, room for text overlay"
"https://go2-thailand.com/en/city/nong-khai/attractions/den-ping-cave","06-nong-khai-den-ping-cave.png","Den Ping Cave Nong Khai: Sacred Cave Stop on the Sangkhom Route","Den Ping Cave | Sacred Cave Stop In Nong Khai","Den Ping Cave, also known through the Tham Din Phiang route logic, is a more local and spiritual stop than a polished showcave. If you are planning a Sangkhom day trip from Nong Khai, this page helps you decide whether it fits your route.","Sacred cave route at Den Ping Cave in Nong Khai","den ping cave; tham din phiang; nong khai attractions; sangkhom day trip","Vertical Pinterest pin, dramatic cave entrance in Nong Khai Thailand, sacred atmosphere, textured limestone walls, subtle temple or offering details, moody natural light, editorial travel photography with clean text room"
"https://go2-thailand.com/en/city/nong-khai/attractions/cliff-temple-viewpoint","07-nong-khai-cliff-temple-viewpoint.png","Cliff Temple Viewpoint Nong Khai: Best Mekong View in Sangkhom","Cliff Temple Viewpoint | Best Mekong View In Nong Khai","This cliff temple viewpoint is one of the clearest high-value viewpoints on the Sangkhom side of Nong Khai. If you want the big Mekong panorama without wasting time on weak detours, start here.","Cliff temple viewpoint over the Mekong in Nong Khai","nong khai viewpoint; mekong viewpoint thailand; sangkhom attractions; wat pha tak suea view","Vertical Pinterest travel image, cliff-edge temple viewpoint above the Mekong River, sweeping panorama into Laos, bright clear sky, dramatic height and scale, elegant Thai travel editorial look, room for headline"
"https://go2-thailand.com/en/city/nong-khai/attractions/white-marble-reclining-buddha","08-nong-khai-white-marble-reclining-buddha.png","White Marble Reclining Buddha Near Nong Khai","White Marble Reclining Buddha | A Major Upper Isan Temple Detour","The white marble reclining Buddha at Wat Pa Phu Kon is one of the strongest temple detours in the wider Upper Isan route. This guide explains why it is worth seeing and why it works better as a deliberate side trip than a quick city stop.","White marble reclining Buddha at Wat Pa Phu Kon near Nong Khai","white marble reclining buddha; wat pa phu kon; nong khai temple; upper isan travel","Vertical Pinterest pin, huge white marble reclining Buddha inside a Thai temple, serene sacred atmosphere, detailed marble texture, soft golden temple light, premium travel editorial composition, open space for title"
"https://go2-thailand.com/en/city/nong-khai/attractions/friendship-bridge-viewpoint","09-nong-khai-friendship-bridge-viewpoint.png","Friendship Bridge Viewpoint Nong Khai: Best Border-City Context Stop","Friendship Bridge Viewpoint | See Nong Khai As A Border City","Want to understand why Nong Khai feels different from other Mekong towns? The Friendship Bridge viewpoint gives quick, clear border-city context and works best as a short stop before heading back to the riverfront core.","View of the Thai-Lao Friendship Bridge from Nong Khai","friendship bridge nong khai; nong khai laos border; things to do in nong khai; mekong border city","Vertical Pinterest travel image, Thailand Laos Friendship Bridge crossing the Mekong River, city edge viewpoint, warm afternoon light, border-travel atmosphere, modern infrastructure with scenic river backdrop, room for text"
"https://go2-thailand.com/en/city/nong-khai/attractions/mekong-riverside-promenade","10-nong-khai-mekong-riverside-promenade.png","Nong Khai Mekong Riverside Promenade for Sunset Walks","Nong Khai Riverside | Best Sunset Walk In The City","If you are looking for the easiest everyday thing to do in Nong Khai, start with the Mekong riverside promenade. It is the best sunset walk in town and works perfectly with Tha Sadet and the city’s local food rhythm.","Mekong riverside promenade in Nong Khai at sunset","nong khai riverside; mekong promenade; nong khai sunset; tha sadet walk","Vertical Pinterest pin, peaceful Mekong riverside promenade in Nong Khai at sunset, soft orange light, calm river and walkway, local Thai border-town atmosphere, lifestyle travel photography, clean overlay space"
"https://go2-thailand.com/en/city/nakhon-phanom/attractions/mekong-promenade-golden-naga","11-nakhon-phanom-golden-naga-riverfront.png","Nakhon Phanom Mekong Promenade and Golden Naga Guide","Nakhon Phanom Riverfront | Golden Naga + Mekong Walk","The Mekong promenade and Golden Naga are the clearest first stop in Nakhon Phanom. If you want the city to make sense fast, this is where to start before temples, breakfast stops, and wider province detours.","Golden Naga landmark on the Mekong promenade in Nakhon Phanom","nakhon phanom riverfront; golden naga; mekong promenade thailand; things to do in nakhon phanom","Vertical Pinterest travel graphic, golden Naga statue on a Mekong riverfront promenade in Nakhon Phanom, dramatic evening light, river and Laos backdrop, polished editorial destination image, room for bold title"
"https://go2-thailand.com/en/city/nakhon-phanom/attractions/mekong-sunset-boat-cruise","12-nakhon-phanom-mekong-sunset-boat-cruise.png","Mekong Sunset Boat Cruise in Nakhon Phanom: Is It Worth It?","Mekong Sunset Cruise | Worth It In Nakhon Phanom?","A Mekong sunset boat cruise can be one of the best late-day add-ons in Nakhon Phanom, but only when local conditions are right. This guide explains how to think about it without relying on stale package claims.","Sunset boat on the Mekong River in Nakhon Phanom","mekong sunset cruise; nakhon phanom sunset; boat trip thailand; mekong river travel","Vertical Pinterest image, small boat cruising on the Mekong at sunset in Nakhon Phanom, glowing sky, calm water, mountain silhouette in Laos, romantic travel editorial style, space for title overlay"
"https://go2-thailand.com/en/city/nakhon-phanom/attractions/phra-that-phanom-style-stupas","13-nakhon-phanom-phra-that-phanom-style-stupas.png","Why Nakhon Phanom Temples Look Different: Phra That Phanom Style","Phra That Phanom Style | Why Nakhon Phanom Temples Look Different","Nakhon Phanom has a distinctive temple skyline, and this guide explains the Lao-influenced stupa style that gives the province its unique sacred identity. Perfect for travelers who want more context, not just a temple checklist.","Lao-influenced stupa architecture in Nakhon Phanom","phra that phanom style; nakhon phanom temples; thai temple architecture; lao influenced stupa","Vertical Pinterest pin, elegant golden stupa silhouettes in Nakhon Phanom, Lao-influenced temple architecture, blue sky or soft morning light, refined cultural travel editorial photo, room for educational headline text"
"https://go2-thailand.com/en/city/nakhon-phanom/attractions/vietnamese-thai-food-street","14-nakhon-phanom-vietnamese-thai-food-street.png","Best Vietnamese-Thai Breakfast in Nakhon Phanom","Nakhon Phanom Food Street | Best Vietnamese-Thai Breakfast","Nakhon Phanom is one of the best places in Thailand to feel Vietnamese heritage through breakfast. This guide covers the Vietnamese-Thai food layer that makes the city feel distinct, local, and worth slowing down for.","Vietnamese-Thai breakfast food in Nakhon Phanom","nakhon phanom food; vietnamese thai breakfast; best breakfast in nakhon phanom; thailand food travel","Vertical Pinterest travel food image, Vietnamese Thai breakfast table in Nakhon Phanom, dumplings, banh cuon, noodles, warm morning light, authentic local street food editorial style, room for headline overlay"
"https://go2-thailand.com/en/city/mukdahan/attractions/naga-temple-big-buddha","15-mukdahan-naga-temple-big-buddha.png","Mukdahan Naga Temple and Big Buddha Guide","Mukdahan Naga Temple | Big Buddha + Mekong Views","The Naga Temple and Big Buddha are the strongest hilltop stop in Mukdahan, combining sacred symbolism with one of the clearest views over the Mekong basin. If you want one iconic stop near the city, start here.","Giant Naga statue and Big Buddha on the hill in Mukdahan","mukdahan naga temple; big buddha mukdahan; things to do in mukdahan; mekong viewpoint thailand","Vertical Pinterest travel image, giant colorful Naga statue and white Big Buddha on a hilltop in Mukdahan, expansive Mekong view, dramatic clear sky, bold spiritual travel aesthetic, room for text overlay"
"https://go2-thailand.com/en/city/mukdahan/attractions/mekong-riverside-promenade","16-mukdahan-mekong-riverside-promenade.png","Mukdahan Mekong Riverside Promenade for Slow Border-City Travel","Mukdahan Riverside | Slow Border-City Travel","Mukdahan feels best on foot by the river. This guide covers the Mekong riverside promenade, why it matters more than you might expect, and how to use it as part of a slower, more atmospheric Mukdahan itinerary.","Mekong riverside promenade in Mukdahan with Laos across the river","mukdahan riverside; mekong promenade; things to do in mukdahan; slow travel thailand","Vertical Pinterest travel image, quiet Mekong riverside promenade in Mukdahan, soft sunset light, Laos visible across the river, calm border-city mood, editorial slow travel photography, space for overlay text"
"https://go2-thailand.com/en/city/mukdahan/attractions/loy-krathong-mekong","17-mukdahan-loi-krathong-mekong.png","Loi Krathong on the Mekong in Mukdahan","Loi Krathong In Mukdahan | Mekong Festival Night","Loi Krathong on the Mekong can be one of the most atmospheric nights in Mukdahan. This page explains the festival angle carefully, with a focus on riverfront atmosphere and local timing rather than unreliable one-year event hype.","Loi Krathong lanterns and floating offerings on the Mekong in Mukdahan","loi krathong mukdahan; mekong festival thailand; mukdahan events; thailand festival travel","Vertical Pinterest festival image, Loi Krathong on the Mekong in Mukdahan, glowing candles and floating krathongs, warm night atmosphere, reflective water, cinematic Thai festival photography, strong space for headline"
"https://go2-thailand.com/en/city/mukdahan/attractions/riverside-craft-beer-dining","18-mukdahan-riverside-craft-beer-dining.png","Where to Eat by the River in Mukdahan","Mukdahan Riverside Dining | Where To Eat By The River","Looking for an easy Mukdahan evening plan? This guide covers the riverside dining layer near the Mekong, with a practical focus on atmosphere, sunset timing, and how to turn a river walk into a strong night out.","Riverside food and drinks by the Mekong in Mukdahan","where to eat in mukdahan; mukdahan riverside dining; mekong sunset dinner; mukdahan nightlife","Vertical Pinterest lifestyle travel image, evening riverside dining on the Mekong in Mukdahan, glowing lights, food and drinks on a terrace, sunset or blue-hour atmosphere, stylish editorial travel look, room for text overlay"
"https://go2-thailand.com/en/city/mukdahan/attractions/mukdahan-mekong-bungalows","19-mukdahan-mekong-bungalows.png","Best Mekong Stay in Mukdahan? Bungalows and Slow Riverfront Nights","Mukdahan Mekong Bungalows | A Slower Mekong Stay","If you want a quieter stay in Mukdahan, a Mekong-side bungalow base can work well. This guide is written for route planning and atmosphere, so you can decide whether a slower riverfront stay fits your trip.","Riverside bungalow stay area by the Mekong in Mukdahan","where to stay in mukdahan; mekong bungalow thailand; mukdahan hotel guide; riverfront stay thailand","Vertical Pinterest travel image, peaceful riverside bungalow stay on the Mekong in Mukdahan, trees, soft sunrise or sunset light, relaxed slow-travel accommodation mood, clean editorial composition with text space"
